{
  "predicted_class": 23,
  "probabilities": [
    [
      1.788744263819808e-8,
      0.000001096521259569272,
      0.000008323874681082089,
      0.00008854936459101737,
      2.0938882138582526e-12,
      0.000002127894958903198,
      3.545684990058362e-8,
      2.4656438002423897e-10,
      8.198666051617565e-11,
      2.9255167532937776e-7,
      0.00034010998206213117,
      1.2856766318236623e-8,
      3.140269155821329e-10,
      1.3025664991062058e-9,
      6.984943222779205e-13,
      4.1834038455590417e-8,
      0.0000054225060921453405,
      4.9369878844796045e-12,
      1.881290643268585e-7,
      5.176229223025075e-8,
      5.966855098904489e-8,
      5.97555382952919e-9,
      1.7501776028439053e-7,
      0.7742300033569336,
      0.0000480575326946564,
      0.000011427288882259745,
      0.0000022728836484020576,
      1.4177039098228761e-8,
      0.00010496680624783039,
      6.887882625372654e-11,
      3.257224179264995e-8,
      1.0565957830888095e-10,
      0.0005485292058438063,
      2.2462662285782642e-10,
      1.4751878607555113e-9,
      6.6985350599679805e-9,
      0.000014265026038629003,
      5.80155888607603e-12,
      2.734142356963787e-10,
      3.6329632280285296e-7,
      0.000002436613840473001,
      3.692149884437779e-12,
      5.035184508922486e-13,
      1.6682258005551454e-11,
      0.0000016061184169302578,
      4.463695191248007e-8,
      6.371478207256587e-7,
      3.293777577073609e-12,
      8.91817841797149e-10,
      0.0000025419062694709282,
      6.796035734168981e-8,
      3.164886686057855e-10,
      2.8259995038526498e-11,
      3.359043176942578e-8,
      1.8807767787620833e-8,
      3.5735163805838965e-7,
      8.834340481378433e-10,
      6.247885266930098e-7,
      2.1199830779750073e-10,
      3.1566349534273286e-9,
      0.00000818602984509198,
      0.013753578066825867,
      1.1580710002068173e-10,
      0.0002329230192117393,
      0.000003088881840085378,
      0.00006947621295694262,
      3.0222709751503984e-11,
      0.20970763266086578,
      2.1018380369497436e-9,
      0.00013032768038101494,
      6.254313733577987e-10,
      0.000005761678949056659,
      0.00023766906815581024,
      0.00010554942127782851,
      2.628749840027922e-8,
      1.2046546871147257e-8,
      0.000004723238362203119,
      5.913458167583485e-8,
      0.000027343163310433738,
      0.00008054779755184427,
      1.0478525602763966e-8,
      4.260331532002226e-10,
      1.991796239053656e-8,
      2.69620714643537e-11,
      0.00005305389640852809,
      4.098389183582185e-9,
      6.887863168714148e-9,
      7.441624205739572e-8,
      4.984973198118858e-11,
      2.4607951787380955e-10,
      1.84873027997412e-9,
      5.710511619128056e-9,
      6.87482293315611e-11,
      0.00001691443867457565,
      1.4819215299333166e-10,
      0.0000020251779915270163,
      1.6539251912472963e-10,
      3.686798921709311e-10,
      7.4231913949063255e-9,
      0.0001460666098864749
    ]
  ]
}